<?xml version="1.0" encoding="utf-8"?>

<data> 
  <add key="4" type="1" min="0" max="30" len="2"/>  
  <add key="5" type="0" min="1" max="10" len="1"/>  
  <add key="6" type="0" min="1" max="20" len="1"/>  
  <add key="7" type="0" min="1" max="10" len="1"/>  
  <add key="8" type="0" min="1" max="10" len="1"/>  
  <add key="9" type="1" min="0" max="1800" len="2"/>  
  <add key="11" type="2" min="-101.3" max="101.3" len="4"/>  
  <add key="12" type="2" min="0" max="1000" len="4"/>  
  <add key="13" type="2" min="0" max="500" len="4"/>  
  <add key="14" type="0" min="0" max="1" len="1"/>  
  <add key="15" type="0" min="0" max="1" len="1"/>  
  <add key="16" type="0" min="0" max="1" len="1"/>  
  <add key="17" type="0" min="0" max="1" len="1"/>  
  <add key="18" type="0" min="0" max="1" len="1"/>  
  <add key="19" type="0" min="0" max="1" len="1"/>  
  <add key="21" type="0" min="0" max="1" len="1"/>  
  <add key="22" type="2" min="0.1" max="5.0" len="4"/>  
  <add key="23" type="0" min="0" max="1" len="1"/>  
  <add key="24" type="0" min="0" max="1" len="1"/>  
  <add key="25" type="0" min="0" max="1" len="1"/>  
  <add key="26" type="0" min="0" max="1" len="1"/>  
  <add key="27" type="0" min="0" max="1" len="1"/>  
  <add key="28" type="0" min="0" max="1" len="1"/>  
  <add key="29" type="0" min="0" max="1" len="1"/>  
  <add key="30" type="0" min="0" max="1" len="1"/>  
  <add key="31" type="0" min="0" max="1" len="1"/>  
  <add key="32" type="0" min="0" max="1" len="1"/>  
  <add key="33" type="0" min="0" max="1" len="1"/>  
  <add key="36" type="1" min="0" max="420" len="2"/>  
  <add key="37" type="1" min="0" max="300" len="2"/>  
  <add key="38" type="1" min="0" max="300" len="2"/>  
  <add key="39" type="1" min="0" max="600" len="2"/>  
  <add key="40" type="1" min="0" max="600" len="2"/>  
  <add key="41" type="1" min="0" max="600" len="2"/>  
  <add key="42" type="1" min="0" max="600" len="2"/>  
  <add key="45" type="0" min="0" max="1" len="1"/>  
  <add key="47" type="0" min="0" max="1" len="1"/>  
  <add key="48" type="0" min="0" max="1" len="1"/>  
  <add key="49" type="2" min="0" max="100" len="4"/>  
  <add key="51" type="1" min="0" max="600" len="2"/>  
  <add key="52" type="1" min="0" max="2400" len="2"/>  
  <add key="53" type="1" min="0" max="2400" len="2"/>  
  <add key="54" type="1" min="0" max="1200" len="2"/>  
  <add key="55" type="1" min="0" max="1800" len="2"/>  
  <add key="56" type="1" min="0" max="30" len="2"/>  
  <add key="59" type="0" min="0" max="1" len="1"/>  
  <add key="60" type="0" min="0" max="1" len="1"/>  
  <add key="62" type="2" min="-10.00" max="60.00" len="4"/>  
  <add key="63" type="2" min="-50.00" max="60.00" len="4"/>  
  <add key="64" type="2" min="-20.00" max="250.00" len="4"/>  
  <add key="66" type="1" min="0" max="3600" len="2"/>  
  <add key="67" type="1" min="0" max="3600" len="2"/>  
  <add key="68" type="2" min="-50.00" max="60.00" len="4"/>  
  <add key="69" type="2" min="0" max="10000.00" len="4"/>  
  <add key="70" type="2" min="0" max="10000.00" len="4"/>  
  <add key="71" type="2" min="0" max="10000.00" len="4"/>  
  <add key="72" type="2" min="0.1" max="5.0" len="4"/>  
  <add key="73" type="2" min="-20.00" max="250.00" len="4"/>  
  <add key="74" type="2" min="0" max="10000.00" len="4"/>  
  <add key="75" type="2" min="0" max="10000.00" len="4"/>  
  <add key="76" type="2" min="0" max="10000.00" len="4"/>  
  <add key="77" type="2" min="0.1" max="0.5" len="4"/>  
  <add key="78" type="1" min="0" max="7200" len="2"/>  
  <add key="79" type="1" min="0" max="7200" len="2"/>  
  <add key="80" type="2" min="-10.00" max="60.00" len="4"/>  
  <add key="81" type="2" min="0" max="10000" len="4"/>  
  <add key="82" type="2" min="0" max="10000" len="4"/>  
  <add key="83" type="2" min="0" max="10000" len="4"/>  
  <add key="84" type="2" min="0.5" max="1.0" len="4"/>  
  <add key="87" type="2" min="-40" max="80" len="4"/>  
  <add key="88" type="2" min="-40" max="80" len="4"/>  
  <add key="89" type="2" min="-40" max="80" len="4"/>  
  <add key="92" type="0" min="0" max="1" len="1"/>  
  <add key="93" type="0" min="0" max="1" len="1"/>  
  <add key="94" type="0" min="0" max="1" len="1"/>  
  <add key="95" type="0" min="0" max="1" len="1"/>  
  <add key="96" type="2" min="0" max="200" len="4"/>  
  <add key="97" type="1" min="0" max="1800" len="2"/>  
  <add key="98" type="1" min="0" max="1800" len="2"/>  
  <add key="99" type="1" min="0" max="3000" len="2"/>  
  <add key="100" type="1" min="0" max="5400" len="2"/>  
  <add key="101" type="1" min="0" max="7200" len="2"/>  
  <add key="102" type="1" min="0" max="7200" len="2"/>  
  <add key="103" type="1" min="0" max="600" len="2"/>  
  <add key="104" type="1" min="0" max="300" len="2"/>  
  <add key="107" type="1" min="0" max="3600" len="2"/>  
  <add key="108" type="1" min="0" max="60" len="2"/>  
  <add key="109" type="1" min="0" max="5" len="2"/>  
  <add key="110" type="1" min="0" max="3600" len="2"/>  
  <add key="111" type="1" min="0" max="600" len="2"/>  
  <add key="112" type="1" min="0" max="600" len="2"/>  
  <add key="113" type="1" min="0" max="600" len="2"/>  
  <add key="114" type="1" min="0" max="600" len="2"/>  
  <add key="115" type="1" min="0" max="3600" len="2"/>  
  <add key="116" type="1" min="0" max="3600" len="2"/>  
  <add key="117" type="1" min="0" max="1000" len="2"/>  
  <add key="118" type="1" min="0" max="100" len="2"/>  
  <add key="119" type="1" min="0" max="100" len="2"/>  
  <add key="120" type="1" min="0" max="3600" len="2"/>  
  <add key="121" type="1" min="0" max="1200" len="2"/>  
  <add key="122" type="1" min="0" max="1200" len="2"/>  
  <add key="123" type="1" min="1" max="600" len="2"/>  
  <add key="124" type="1" min="1" max="5000" len="2"/>  
  <add key="125" type="1" min="0" max="1800" len="2"/>  
  <add key="126" type="1" min="0" max="1800" len="2"/>  
  <add key="127" type="1" min="100" max="5000" len="2"/>  
  <add key="128" type="1" min="1" max="2000" len="2"/>  
  <add key="129" type="1" min="0" max="1200" len="2"/>  
  <add key="130" type="1" min="0" max="1200" len="2"/>  
  <add key="131" type="0" min="1" max="5" len="1"/>  
  <add key="133" type="0" min="0" max="1" len="1"/>  
  <add key="134" type="0" min="0" max="1" len="1"/>  
  <add key="135" type="3" len="8"/>  
  <add key="136" type="1" min="0" max="65535" len="2"/>  
  <add key="138" type="0" min="0" max="1" len="1"/>  
  <add key="139" type="0" min="0" max="1" len="1"/>  
  <add key="140" type="0" min="0" max="1" len="1"/>  
  <add key="141" type="0" min="0" max="1" len="1"/>  
  <add key="142" type="0" min="0" max="1" len="1"/>  
  <add key="143" type="0" min="0" max="1" len="1"/>  
  <add key="144" type="0" min="0" max="1" len="1"/>  
  <add key="145" type="2" min="0" max="600" len="4"/>  
  <add key="148" type="4" len="80"/>  
  <add key="149" type="4" len="16"/>  
  <add key="150" type="0" min="0" max="1" len="1"/>  
  <add key="151" type="0" min="0" max="1" len="1"/>  
  <add key="152" type="0" min="0" max="2" len="1"/>  
  <add key="154" type="3" len="8"/>  
  <add key="155" type="0" min="0" max="32" len="1"/>  
  <add key="156" type="0" min="0" max="2" len="1"/>  
  <add key="157" type="0" len="1"/>  
  <add key="166" type="2" len="4"/>  
  <add key="167" type="2" len="4"/>  
  <add key="168" type="2" len="4"/>  
  <add key="169" type="2" len="4"/>  
  <add key="170" type="2" len="4"/>  
  <add key="171" type="2" len="4"/>  
  <add key="172" type="2" len="4"/>  
  <add key="173" type="2" len="4"/>  
  <add key="174" type="2" len="4"/>  
  <add key="175" type="2" len="4"/>  
  <add key="176" type="2" len="4"/>  
  <add key="177" type="2" len="4"/>  
  <add key="180" type="2" min="0" max="1.0000" len="4"/>  
  <add key="181" type="2" min="0" max="200.0" len="4"/>  
  <add key="182" type="2" min="0" max="5000" len="4"/>  
  <add key="183" type="8" min="0" max="5000" len="8"/>  
  <add key="184" type="2" min="0" max="50000" len="4"/>  
  <add key="186" type="9" len="12"/>  
  <add key="187" type="10" len="12"/>  
  <add key="189" type="6" min="0" max="5000" len="8"/>  
  <add key="190" type="7" min="0" max="1000" len="8"/>  
  <add key="191" type="11" len="20"/>  
  <add key="192" type="11" len="20"/>  
  <add key="193" type="11" len="20"/>  
  <add key="194" type="11" len="20"/>  
  <add key="195" type="11" len="20"/>  
  <add key="196" type="11" len="20"/>  
  <add key="197" type="11" len="20"/>  
  <add key="198" type="11" len="20"/>  
  <add key="199" type="11" len="20"/>  
  <add key="200" type="11" len="20"/>  
  <add key="201" type="11" len="20"/>  
  <add key="202" type="11" len="20"/>  
  <add key="204" type="6" len="8"/>  
  <add key="205" type="7" len="8"/>  
  <add key="206" type="11" len="20"/>  
  <add key="207" type="11" len="20"/>  
  <add key="208" type="11" len="20"/>  
  <add key="209" type="11" len="20"/>  
  <add key="210" type="11" len="20"/>  
  <add key="211" type="11" len="20"/>  
  <add key="212" type="11" len="20"/>  
  <add key="213" type="11" len="20"/>  
  <add key="214" type="11" len="20"/>  
  <add key="215" type="11" len="20"/>  
  <add key="216" type="11" len="20"/>  
  <add key="217" type="11" len="20"/>  
  <add key="219" type="6" len="8"/>  
  <add key="220" type="7" len="8"/>  
  <add key="221" type="11" len="20"/>  
  <add key="222" type="11" len="20"/>  
  <add key="223" type="11" len="20"/>  
  <add key="224" type="11" len="20"/>  
  <add key="225" type="11" len="20"/>  
  <add key="226" type="11" len="20"/>  
  <add key="227" type="11" len="20"/>  
  <add key="228" type="11" len="20"/>  
  <add key="229" type="11" len="20"/>  
  <add key="230" type="11" len="20"/>  
  <add key="231" type="11" len="20"/>  
  <add key="232" type="11" len="20"/>  
  <add key="234" type="6" len="8"/>  
  <add key="235" type="7" len="8"/>  
  <add key="236" type="11" len="20"/>  
  <add key="237" type="11" len="20"/>  
  <add key="238" type="11" len="20"/>  
  <add key="239" type="11" len="20"/>  
  <add key="240" type="11" len="20"/>  
  <add key="241" type="11" len="20"/>  
  <add key="242" type="11" len="20"/>  
  <add key="243" type="11" len="20"/>  
  <add key="244" type="11" len="20"/>  
  <add key="245" type="11" len="20"/>  
  <add key="246" type="11" len="20"/>  
  <add key="247" type="11" len="20"/>  
  <add key="249" type="6" len="8"/>  
  <add key="250" type="7" len="8"/>  
  <add key="251" type="11" len="20"/>  
  <add key="252" type="11" len="20"/>  
  <add key="253" type="11" len="20"/>  
  <add key="254" type="11" len="20"/>  
  <add key="255" type="11" len="20"/>  
  <add key="256" type="11" len="20"/>  
  <add key="257" type="11" len="20"/>  
  <add key="258" type="11" len="20"/>  
  <add key="259" type="11" len="20"/>  
  <add key="260" type="11" len="20"/>  
  <add key="261" type="11" len="20"/>  
  <add key="262" type="11" len="20"/>  
  <add key="264" type="6" len="8"/>  
  <add key="265" type="7" len="8"/>  
  <add key="266" type="11" len="20"/>  
  <add key="267" type="11" len="20"/>  
  <add key="268" type="11" len="20"/>  
  <add key="269" type="11" len="20"/>  
  <add key="270" type="11" len="20"/>  
  <add key="271" type="11" len="20"/>  
  <add key="272" type="11" len="20"/>  
  <add key="273" type="11" len="20"/>  
  <add key="274" type="11" len="20"/>  
  <add key="275" type="11" len="20"/>  
  <add key="276" type="11" len="20"/>  
  <add key="277" type="11" len="20"/>  
  <add key="279" type="5" min="0" max="5000" len="4"/>  
  <add key="281" type="6" len="8"/>  
  <add key="282" type="7" len="8"/>  
  <add key="283" type="11" len="20"/>  
  <add key="286" type="0" min="0" max="1" len="1"/>  
  <add key="287" type="0" min="0" max="1" len="1"/>  
  <add key="288" type="1" min="0" max="100" len="2"/>  
  <add key="289" type="0" min="0" max="1" len="1"/>  
  <add key="291" type="2" min="0" max="20000" len="4"/>  
  <add key="292" type="2" min="0" max="20000" len="4"/>  
  <add key="293" type="2" min="0" max="20000" len="4"/>  
  <add key="294" type="2" min="0" max="20000" len="4"/>  
  <add key="295" type="2" min="0" max="20000" len="4"/>  
  <add key="296" type="2" min="0" max="20000" len="4"/>  
  <add key="297" type="2" min="0" max="20000" len="4"/>  
  <add key="298" type="2" min="0" max="20000" len="4"/>  
  <add key="299" type="2" min="0" max="20000" len="4"/>  
  <add key="300" type="2" min="0" max="20000" len="4"/>  
  <add key="301" type="2" min="0" max="20000" len="4"/>  
  <add key="302" type="2" min="0" max="20000" len="4"/>  
  <add key="303" type="2" min="0" max="20000" len="4"/>  
  <add key="304" type="2" min="0" max="20000" len="4"/>  
  <add key="305" type="2" min="0" max="20000" len="4"/>  
  <add key="306" type="2" min="0" max="20000" len="4"/>  
  <add key="307" type="2" min="0" max="20000" len="4"/>  
  <add key="308" type="2" min="0" max="20000" len="4"/>  
  <add key="309" type="2" min="0" max="20000" len="4"/>  
  <add key="310" type="2" min="0" max="20000" len="4"/>  
  <add key="311" type="2" min="0" max="20000" len="4"/>  
  <add key="312" type="2" min="0" max="20000" len="4"/>  
  <add key="313" type="2" min="0" max="1000" len="4"/>  
  <add key="314" type="2" min="0" max="1000" len="4"/>  
  <add key="315" type="2" min="0" max="1000" len="4"/>  
  <add key="316" type="2" min="0" max="1000" len="4"/>  
  <add key="317" type="2" min="0" max="1000" len="4"/>  
  <add key="318" type="2" min="0" max="100" len="4"/>  
  <add key="319" type="2" min="0" max="100" len="4"/>  
  <add key="320" type="2" min="0" max="1000" len="4"/>  
  <add key="321" type="2" min="0" max="1000" len="4"/>  
  <add key="322" type="2" min="0" max="1000" len="4"/>  
  <add key="323" type="2" min="0" max="1000" len="4"/>  
  <add key="324" type="2" min="0" max="1000" len="4"/>  
  <add key="325" type="2" min="0" max="100" len="4"/>  
  <add key="326" type="2" min="0" max="100" len="4"/>  
  <add key="327" type="2" min="0" max="1000" len="4"/>  
  <add key="328" type="2" min="0" max="1000" len="4"/>  
  <add key="329" type="2" min="0" max="1000" len="4"/>  
  <add key="330" type="2" min="0" max="1000" len="4"/>  
  <add key="331" type="2" min="0" max="1000" len="4"/>  
  <add key="332" type="2" min="0" max="100" len="4"/>  
  <add key="333" type="2" min="0" max="100" len="4"/>  
  <add key="334" type="2" min="0" max="1000" len="4"/>  
  <add key="335" type="2" min="0" max="1000" len="4"/>  
  <add key="336" type="2" min="0" max="1000" len="4"/>  
  <add key="337" type="2" min="0" max="1000" len="4"/>  
  <add key="338" type="2" min="0" max="1000" len="4"/>  
  <add key="339" type="2" min="0" max="100" len="4"/>  
  <add key="340" type="2" min="0" max="100" len="4"/>  
  <add key="341" type="2" min="0" max="1000" len="4"/>  
  <add key="342" type="2" min="0" max="1000" len="4"/>  
  <add key="343" type="2" min="0" max="1000" len="4"/>  
  <add key="344" type="2" min="0" max="1000" len="4"/>  
  <add key="345" type="2" min="0" max="1000" len="4"/>  
  <add key="346" type="2" min="0" max="100" len="4"/>  
  <add key="347" type="2" min="0" max="100" len="4"/>  
  <add key="348" type="2" min="0" max="1000" len="4"/>  
  <add key="349" type="2" min="0" max="1000" len="4"/>  
  <add key="350" type="2" min="0" max="1000" len="4"/>  
  <add key="351" type="2" min="0" max="1000" len="4"/>  
  <add key="352" type="2" min="0" max="1000" len="4"/>  
  <add key="353" type="2" min="0" max="100" len="4"/>  
  <add key="354" type="2" min="0" max="100" len="4"/>  
  <add key="355" type="2" min="0" max="1000" len="4"/>  
  <add key="356" type="2" min="0" max="1000" len="4"/>  
  <add key="357" type="2" min="0" max="1000" len="4"/>  
  <add key="358" type="2" min="0" max="1000" len="4"/>  
  <add key="359" type="2" min="0" max="1000" len="4"/>  
  <add key="360" type="2" min="0" max="100" len="4"/>  
  <add key="361" type="2" min="0" max="100" len="4"/>  
  <add key="364" type="0" min="0" max="1" len="1"/>  
  <add key="365" type="0" min="0" max="1" len="1"/> 
</data>
